chembl_id,target_chembl_id,target_pref_name,pchembl_value
CHEMBL1000,CHEMBL100,Target_CHEMBL100,7.839043173694285
CHEMBL1000,CHEMBL200,Target_CHEMBL200,7.2622982927377215
CHEMBL1000,CHEMBL300,Target_CHEMBL300,7.380369798030985
CHEMBL2000,CHEMBL100,Target_CHEMBL100,6.898544622561664
CHEMBL2000,CHEMBL200,Target_CHEMBL200,5.58846199157744
CHEMBL2000,CHEMBL300,Target_CHEMBL300,7.94062922894091
CHEMBL3000,CHEMBL100,Target_CHEMBL100,5.923955980551577
CHEMBL3000,CHEMBL200,Target_CHEMBL200,6.425508170399402
CHEMBL3000,CHEMBL300,Target_CHEMBL300,7.295204381948379
